{
  "HSK_Level_1": {
    "max": 63100.0,
    "min": 2.39
  },
  "HSK_Level_2": {
    "max": 5370.0,
    "min": 1.1
  },
  "HSK_Level_3": {
    "max": 5250.0,
    "min": 1.06
  },
  "HSK_Level_4": {
    "max": 4270.0,
    "min": 0.41800000000000004
  },
  "HSK_Level_5": {
    "max": 1290.0,
    "min": 0.112
  },
  "HSK_Level_6": {
    "max": 309.0,
    "min": 0.00031
  }
}